Course Number/Title,Instructor,Days,Beg Time,End Time,Bldg Room,Credits
African American Studies,,,,,,
AAM  137  01W African American Literature,L McQueen,TR,9:30 AM,10:50 AM,Hickok Hall,1
AAM  287  01 Topics:Tupac Shakur & Hip Hop Revol,C Johnson,MWF,9:00 AM,9:50 AM,Hickok Hall,1
Accounting,,,,,,
ACC  171  01 Principles of Accounting I,T Abraham,MWF,1:00 PM,1:50 PM,Stuart Hall,1
ACC  171  02 Principles of Accounting I,C Melcher,MWF,10:00 AM,10:50 AM,Athletics and Recrea ,1
ACC  171  03 Principles of Accounting I,C Melcher,MWF,9:00 AM,9:50 AM,Athletics and Recrea,1
ACC  215  01 Principles of Accounting II,A Perry,MWF,1:00 PM,1:50 PM,Stuart Hall,1
ACC  301  01 Intermediate Accounting I,C Melcher,MWF,11:00 AM,12:15 PM,Athletics and Recrea ,1
ACC  15  01 Adv Managerial Accounting,A Perry,TR,12:30 PM,1:50 PM,Stuart Hall,1
ACC  422  01 Tax Accounting,C Melcher,TR,9:30 AM,10:50 AM,Stuart Hall,1
Anthropology,,,,,,
ANT  109  01 Intro to Archaeology:Method & Thry,A Ziskowski,MWF,12:00 PM,12:50 PM,Hickok Hall,1
ANT  116  01 Cultural Anthropology,J Fairbanks,MWF,10:00 AM,10:50 AM,Stuart Hall,1
ANT  116  02 Cultural Anthropology,J Fairbanks,MWF,2:00 PM,2:50 PM,Stuart Hall,1
ANT  215  01W Ethnographic Methods,J Fairbanks,TR,11:00 AM,12:20 PM,Hickok Hall,1
ANT  284  01 Topics in Anthropology/Space &Place,J Fairbanks,MWF,1:00 PM,1:50 PM,Stuart Hall,1
Art History,,,,,,
ARH  107  01 Gender and Art,R Lueth,MWF,10:00 AM,10:50 AM,Dows Center,1
ARH  128  01 Introduction to Art History,R Lueth,MWF,1:00 PM,1:50 PM,Dows Center,1
ARH  307  01W Modern and Contemporary Art,R Lueth,TR,11:00 AM,12:20 PM,Dows Center,1
ARH  313  01 Focus Course: Contemporary Issues,R Lueth,T,1:00 PM,1:50 PM,Dows Center,0.25
meets first 7 weeks,,,,,,
ARH  323  01 Focus: Curatorial Conversations,R Lueth,T,1:00 PM,1:50 PM,Dows Center,0.25
meets second 7 weeks,,,,,,
ARH  394  01 Directed Studies in Art History,R Lueth,,12:00 AM,12:00 AM,Arranged,1
ARH  464  01W Senior Seminar I,R Lueth,,12:00 AM,12:00 AM,Arranged,1
Art,,,,,,
ART  100  01 Art Lab (Reg w/ ART 135),J Rogers,F,1:00 PM,2:20 PM,Dows Center,0
ART  115  01 Drawing: Observation and Interpret,P Thompson,MWF,9:00 AM,10:30 AM,Dows Center,1
"ART  135  01 Ceramics: Form, Function & Meaning",J Rogers,MW,1:00 PM,2:20 PM,Dows Center,1
ART  145  01 Digital Art,Z Cohen,TR,9:00 AM,10:50 AM,Dows Center,1
ART  151  01 Layers of Meaning,P Thompson,MWF,1:00 PM,2:30 PM,Dows Center,1
ART  155  01 Photography: Light Writing,L Goodson,MWF,9:00 AM,10:30 AM,Dows Center,1
ART  175  01 Printmaking: A Graphic Art Form,K Blakemore,MWF,1:00 PM,2:50 PM,Dows Center,1
ART  191  01 Topics:Time-Based Media,Z Cohen,TR,12:30 PM,2:20 PM,Dows Center,1
ART  230  01 Art of Children & Adolescents,L Panos,,12:00 AM,12:00 AM,Arranged,1
To register: Please see Betsy Kigin,,,,,,
ART  231  01 Open Studio,J Rogers,,12:00 AM,12:00 AM,Arranged,0.25
ART  252  01 Mark Making,P Thompson,TR,1:30 PM,3:20 PM,Dows Center,1
ART  291  01 Advanced Topics in Studio Art,J Rogers,TR,9:30 AM,11:30 AM,Dows Center,1
ART  464  01 Senior Seminar I,Z Cohen,MW,11:00 AM,11:50 AM,Dows Center,1
ART  474  01 Senior Seminar II,Z Cohen,MW,11:00 AM,11:50 AM,Dows Center,1
Asian Studies,,,,,,
ASC  186  01 Modern South Asia,D Nordmann,MWF,9:00 AM,9:50 AM,Hickok Hall,1
Biology,,,,,,
BIO  100  01 Human Biology,S Gee,MWF,10:00 AM,10:50 AM,Peterson Hall,1
Course Number/Title,Instructor,Days,Beg Time,End Time,Bldg Room,Credits
Biology,,,,,,
BIO  100L 01 Human Biology Lab,S Gee,R,1:00 PM,3:50 PM,Peterson Hall,0.2
"BIO  120  01 Biology, Health & Society",R Christensen,MWRF,9:00 AM,9:50 AM,Stuart Hall,1
BIO  145  01 Cellular & Molecular Biology,S Gee,MWF,8:00 AM,8:50 AM,Hickok Hall,1
BIO  145  02 Cellular & Molecular Biology,M Leonardo,MWF,9:00 AM,9:50 AM,Hickok Hall,1
BIO  145  03 Cellular & Molecular Biology,D Hughes,MWF,10:00 AM,10:50 AM,Hickok Hall,1
BIO  145L 01W Intro Biology Laboratory,S Gee,M,1:00 PM,3:50 PM,Peterson Hall,0.2
BIO  145L 02W Intro Biology Laboratory,A Luttinger,T,8:00 AM,10:50 AM,Peterson Hall,0.2
BIO  145L 03W Intro Biology Laboratory,A Luttinger,T,1:00 PM,3:50 PM,Peterson Hall,0.2
BIO  145L 04W Intro Biology Laboratory,K Keyes,T,6:00 PM,8:50 PM,Peterson Hall,0.2
BIO  145L 05W Intro Biology Laboratory,S Gee,W,1:00 PM,3:50 PM,Peterson Hall,0.2
BIO  145L 06W Intro Biology Laboratory,A Luttinger,R,8:00 AM,10:50 AM,Peterson Hall,0.2
BIO  145L 07W Intro Biology Laboratory,D Hughes,R,1:00 PM,3:50 PM,Peterson Hall,0.2
BIO  202  01 Topics in Evolution,A Luttinger,MWF,1:00 PM,1:50 PM,Peterson Hall,1
BIO  205  01 General Botany,P Sanchini,MWF,11:00 AM,11:50 AM,Athletics and Recrea,1
BIO  205L 01W General Botany Laboratory,P Sanchini,T,8:00 AM,10:50 AM,Peterson Hall,0.2
BIO  205L 02W General Botany Laboratory,P Sanchini,R,8:00 AM,10:50 AM,Peterson Hall,0.2
BIO  205L 03W General Botany Laboratory,P Sanchini,R,1:00 PM,3:50 PM,Peterson Hall,0.2
BIO  215  01 Human Anatomy,K Keyes,MWF,10:00 AM,10:50 AM,Stuart Hall,1
BIO  215L 01 Human Anatomy Laboratory,K Keyes,T,1:00 PM,3:50 PM,Peterson Hall,0.2
BIO  215L 02 Human Anatomy Laboratory,K Keyes,R,8:00 AM,10:50 AM,Peterson Hall,0.2
BIO  215L 03 Human Anatomy Laboratory,K Keyes,R,1:00 PM,3:50 PM,Peterson Hall,0.2
BIO  321  01 Herpetology,D Hughes,MWF,2:00 PM,2:50 PM,Peterson Hall,1
BIO  321L 01 Herpetology Lab,D Hughes,T,1:00 PM,3:50 PM,Peterson Hall,0.2
BIO  325  01 Microbiology,M Leonardo,MWF,11:00 AM,11:50 AM,Peterson Hall,1
BIO  325L 01W Microbiology Lab,M Leonardo,TR,9:00 AM,10:50 AM,Peterson Hall,0.2
BIO  325L 02W Microbiology Lab,M Leonardo,TR,1:00 PM,2:50 PM,Peterson Hall,0.2
BIO  345  01 Techniques in Molecular Biology,P Storer,TR,1:00 PM,2:20 PM,Peterson Hall,1
BIO  345L 01 Techniques in Molecular Biology Lab,P Storer,TR,2:30 PM,5:00 PM,Peterson Hall,0.5
BIO  15  01 Developmental Biology,R Christensen,MWF,2:00 PM,2:50 PM,Peterson Hall,1
BIO  15L 01 Developmental Biology lab,R Christensen,R,8:00 AM,10:50 AM,Peterson Hall,0.2
BIO  455  01 Molecular Neurobiology,P Storer,MWF,1:00 PM,1:50 PM,Peterson Hall,1
BIO  455L 01 Molecular Neurobiology Lab,P Storer,T,8:00 AM,10:50 AM,Peterson Hall,0.2
Business Administration,,,,,,
BUS  125  01 Computers in Business,J Hall,TR,9:30 AM,10:50 AM,Stuart Hall,1
BUS  125  02 Computers in Business,J Hall,TR,12:30 PM,1:50 PM,Stuart Hall,1
BUS  190  01W Statistical Analysis,M Knudson,MWF,12:00 PM,12:50 PM,Stuart Hall,1
BUS  190  02W Statistical Analysis,M Knudson,MWF,1:00 PM,1:50 PM,Stuart Hall,1
BUS  190  03W Statistical Analysis,M Knudson,MWF,2:00 PM,2:50 PM,Stuart Hall,1
BUS  250  01 Principles of Management,V Nguyen,MWF,1:00 PM,1:50 PM,Stuart Hall,1
BUS  250  02 Principles of Management,V Nguyen,MWF,2:00 PM,2:50 PM,Stuart Hall,1
BUS  315  01 Business Law I,J Christensen,TR,12:30 PM,1:50 PM,Stuart Hall,1
BUS  315  02 Business Law I,J Christensen,TR,2:00 PM,3:20 PM,Stuart Hall,1
BUS  330  01W Principles of Marketing,P Carstens,TR,8:00 AM,9:20 AM,Stuart Hall,1
BUS  350  01 Principles of Finance,J Chen,MWF,1:00 PM,1:50 PM,Stuart Hall,1
BUS  387  01 Adv Top:Human Res Mgt,V Nguyen,MWF,9:00 AM,9:50 AM,Stuart Hall,1
BUS  00  01 Legal Issues in Sports,J Christensen,TR,9:30 AM,10:50 AM,Stuart Hall,1
BUS  454  01 Research in Business,P Carstens,M,6:00 PM,9:00 PM,Stuart Hall,1
BUS  460  01W Advertising,P Carstens,TR,9:30 AM,10:50 AM,Stuart Hall,1
BUS  470  01W Strategic Management,P Carstens,TR,12:30 PM,1:50 PM,Stuart Hall,1
Course Number/Title,Instructor,Days,Beg Time,End Time,Bldg Room,Credits
Business Administration,,,,,,
BUS  494  01 Internship in Business,R Kuennen,,12:00 AM,12:00 AM,Arranged,1
BUS  494  02 Internship in Business,C Melcher,,12:00 AM,12:00 AM,Arranged,1
BUS  494  03 Internship in Business,P Carstens,,12:00 AM,12:00 AM,Arranged,1
BUS  494  04 Internship in Business,R Baranowski,,12:00 AM,12:00 AM,Arranged,1
BUS  495  01 Investment Analysis,J Chen,MWF,10:00 AM,10:50 AM,Stuart Hall,1
Crimson Fellows Program,,,,,,
CFP  104  01 Topics in Fellow:Knowledge &Enquiry,G Chaplin,W,3:00 PM,4:20 PM,Struve Comm Ctr,0.2
meets first 7 weeks,,,,,,
CFP  104  02 Topics CFP:Leadership in Society,G Chaplin,W,3:00 PM,4:20 PM,Struve Comm Ctr,0.2
meets second 7 weeks,,,,,,
CFP  301  01W Communicating Across Disciplines I,A Carr,MW,2:00 PM,3:20 PM,Struve Comm Ctr,0.5
meets first 7 weeks,,,,,,
CFP  302  01W Communicating Across Disciplines II,A Carr,MW,2:00 PM,3:20 PM,Struve Comm Ctr,0.5
meets second 7 weeks,,,,,,
CFP  01  01 Action Research I,D Westberg,T,9:30 AM,11:00 AM,Struve Comm Ctr,0.5
CFP  01  02 Action Research I,D Westberg,,12:00 AM,12:00 AM,Arranged,0.5
Chemistry,,,,,,
CHM  103  01 Selected Concepts in Chemistry,S Ibrahim,MWF,1:00 PM,1:50 PM,Athletics and Recrea,
CHM  103L 01 Selected Concepts in Chemistry Lab,S Ibrahim,R,9:00 AM,10:50 AM,Peterson Hall,0
CHM  121  01 General Chemistry I,C Stead,MWF,9:00 AM,9:50 AM,Athletics and Recrea,1
CHM  121  02 General Chemistry I,S Ibrahim,MWF,2:00 PM,2:50 PM,Athletics and Recrea,1
CHM  121L 01 General Chemistry I Laboratory,S Noreuil,T,8:00 AM,10:50 AM,Peterson Hall,0
CHM  121L 02 General Chemistry I Laboratory,S Ibrahim,T,1:00 PM,3:50 PM,Peterson Hall,0
CHM  121L 03 General Chemistry I Laboratory,S Stoudt,R,8:00 AM,10:50 AM,Peterson Hall,0
CHM  121L 04 General Chemistry I Laboratory,C Stead,R,1:00 PM,3:50 PM,Peterson Hall,0
CHM  122  01 General Chemistry II,S Singleton,MWF,2:00 PM,2:50 PM,Athletics and Recrea,1
CHM  122L 01 General Chemistry II Laboratory,S Singleton,R,8:00 AM,10:50 AM,Peterson Hall,0
CHM  122L 02 General Chemistry II Laboratory,S Singleton,R,1:00 PM,3:50 PM,Peterson Hall,0
CHM  211  01 Analytical Chemistry,M St. Clair,MWF,8:00 AM,8:50 AM,Peterson Hall,1
CHM  211L 01W Analytical Chemistry Laboratory,M St. Clair,MW,2:00 PM,4:50 PM,Peterson Hall,0.5
CHM  321  01 Organic Chemistry II,S Stoudt,MWF,10:00 AM,10:50 AM,Athletics and Recrea,1
CHM  322  01 Organic Laboratory,S Stoudt,MWF,1:00 PM,3:50 PM,Peterson Hall,1
CHM  31  01W Physical Chemistry I,S Singleton,MWF,11:00 AM,11:50 AM,Peterson Hall,1
CHM  31L 01 Physical Chemistry I Laboratory,S Singleton,M,5:00 PM,7:50 PM,Peterson Hall,0
CHM  432  01 Protein Biochemistry,C Stead,MWF,2:00 PM,2:50 PM,Struve Comm Ctr,1
CHM  432L 01 Protein Biochemistry Laboratory,C Stead,R,8:00 AM,10:50 AM,Peterson Hall,0.2
CHM  474  01 Seminar in Chemistry II,S Stoudt,W,8:00 AM,8:50 AM,Peterson Hall,0.25
Classical Studies,,,,,,
CLA  120  01 Roman Civilization,J Langseth,MWF,1:00 PM,1:50 PM,Hickok Hall,1
Communication Studies,,,,,,
COM  125  01 Fundamentals of Public Speaking,A Spikes,TR,9:30 AM,10:50 AM,Hickok Hall,1
COM  125  02 Fundamentals of Public Speaking,A Spikes,TR,2:00 PM,3:20 PM,Hickok Hall,1
COM  157  01W Introduction to Media Analysis,S Harmsen,MWF,9:00 AM,9:50 AM,Struve Comm Ctr,1
COM  157  02W Introduction to Media Analysis,S Harmsen,MWF,1:00 PM,1:50 PM,Struve Comm Ctr,1
COM  161  01W Visual Rhetoric,T Donofrio,TR,12:30 PM,1:50 PM,Hickok Hall,1
COM  236  01W Intercultural Communication,D Pugh-Patton,MWF,8:00 AM,8:50 AM,Hickok Hall,1
COM  337  01W Persuasion,T Donofrio,TR,9:30 AM,10:50 AM,Hickok Hall,1
COM  457  01W SpecialTopicsMediaStdy:Afrofuturism,D Pugh-Patton,TR,11:00 AM,12:20 PM,Struve Comm Ctr,1
Course Number/Title,Instructor,Days,Beg Time,End Time,Bldg Room,Credits
Creative Writing,,,,,,
CRW  111  01 Literary Magazine Editing,M Salesses,M,5:00 PM,6:50 PM,Hickok Hall,0.2
CRW  112  01 Advanced Literary Magazine Editing,M Salesses,M,5:00 PM,6:50 PM,Hickok Hall,0.5
CRW  115  01W Exp CRW:Exploring Creative Writing,K Aspengren,TR,9:30 AM,10:50 AM,Hickok Hall,1
CRW  125  01W Introduction to Creative Writing,M LeMay-Lewis,MWF,10:00 AM,10:50 AM,Struve Comm Ctr,1
CRW  125  02W Introduction to Creative Writing,L McQueen,MWF,9:00 AM,9:50 AM,Hickok Hall,1
CRW  280  01W Poetry Workshop I,M LeMay-Lewis,MW,2:00 PM,3:20 PM,Hickok Hall,1
CRW  290  01W Fiction Workshop I,L McQueen,TR,2:00 PM,3:20 PM,Hickok Hall,1
CRW  355  01W Playwriting Workshop 2,K Aspengren,TR,12:30 PM,1:50 PM,Hickok Hall,1
CRW  390  01W Fiction Workshop II,L McQueen,TR,2:00 PM,3:20 PM,Hickok Hall,1
CRW  455  01W Playwriting Workshop 3,K Aspengren,TR,12:30 PM,1:50 PM,Hickok Hall,1
CRW  490  01W Fiction Workshop III,L McQueen,TR,2:00 PM,3:20 PM,Hickok Hall,1
CRW  492  01W Manuscript Workshop,K Aspengren,W,5:00 PM,6:50 PM,Hickok Hall,1
Computer Science,,,,,,
CS125  01 Introduction to Programming,S Hughes,MWF,12:00 PM,12:50 PM,Stuart Hall,1
CS125L  01 Introduction to Programming,S Hughes,R,2:00 PM,3:20 PM,Stuart Hall,0
CS125  02 Introduction to Programming,S Hughes,MWF,8:00 AM,8:50 AM,Stuart Hall,1
CS125L  02 Introduction to Programming,S Hughes,R,12:30 PM,2:00 PM,Stuart Hall,0
CS135  01 Data Structures,T Hostetler,MWF,12:00 PM,12:50 PM,Stuart Hall,1
CS215  01 Analysis of Algorithms,T Hostetler,MWF,9:00 AM,9:50 AM,Stuart Hall,1
CS220  01 Principles of Computer Systems,S Hughes,MWF,2:00 PM,2:50 PM,Stuart Hall,1
CS30  01 Programming Languages,T Hostetler,MWF,2:00 PM,2:50 PM,Stuart Hall,1
Dance,,,,,,
DAN  131  01 Dance-Ballet I,C Rezabek,TR,12:30 PM,1:50 PM,Mills Theater,0.2
Meets first 7 weeks,,,,,,
DAN  132  01 Dance-Ballet II,C Rezabek,TR,12:30 PM,1:50 PM,Mills Theater,0.2
Meets second 7 weeks,,,,,,
Data Science,,,,,,
DS100  01 Introduction to Data Science,M Stobb,MWF,9:00 AM,9:50 AM,Stuart Hall,1
DS230  01 Data-Centric Computing,S Hughes,MWF,10:00 AM,10:50 AM,Stuart Hall,1
DS315  01 Machine Learning,M Stobb,TR,11:00 AM,12:20 PM,Stuart Hall,1
Economics,,,,,,
ECO  175  01 Principles of Macroeconomics,R Eichhorn,MWF,8:00 AM,8:50 AM,Stuart Hall,1
ECO  175  02 Principles of Macroeconomics,R Eichhorn,MWF,9:00 AM,9:50 AM,Stuart Hall,1
ECO  175  03 Principles of Macroeconomics,D Westberg,MWF,12:00 PM,12:50 PM,Stuart Hall,1
ECO  215  01 Principles of Microeconomics,R Baranowski,MWF,9:00 AM,9:50 AM,Stuart Hall,1
ECO  215  02 Principles of Microeconomics,R Baranowski,MWF,10:00 AM,10:50 AM,Stuart Hall,1
ECO  225  01 Money & Banking,R Baranowski,MWF,12:00 PM,12:50 PM,Stuart Hall,1
ECO  237  01 Labor Economics,D Westberg,MWF,10:00 AM,10:50 AM,Stuart Hall,1
ECO  315  01 Intermediate Macroeconomic Theory,R Eichhorn,TR,8:00 AM,9:20 AM,Stuart Hall,1
ECO  336  01 Divergent Economic Growth,R Eichhorn,,12:00 AM,12:00 AM,Arranged,1
ECO  345  01 Intermediate Microeconomics,D Westberg,,12:00 AM,12:00 AM,Arranged,1
ECO  375  01W Econometrics,R Eichhorn,TR,9:30 AM,10:50 AM,Stuart Hall,1
ECO  395  01 History of Economic Thought,D Westberg,,12:00 AM,12:00 AM,Arranged,1
ECO  436  01 Economic Development,D Westberg,TR,12:30 PM,1:50 PM,Stuart Hall,1
ECO  444  01 Ind Study-Economics,D Westberg,,12:00 AM,12:00 AM,Arranged,1
ECO  457  01 US Econ History,R Baranowski,TR,11:00 AM,12:20 PM,Peterson Hall,1
Course Number/Title,Instructor,Days,Beg Time,End Time,Bldg Room,Credits
Education,,,,,,
EDU  105  01W Educational Foundations,S Haynes-Moore,MWF,10:00 AM,10:50 AM,Stuart Hall,1
EDU  105  02W Educational Foundations,N Hayes,MWF,2:00 PM,2:50 PM,Stuart Hall,1
EDU  117  01 Exceptional Learners,A Russell,MWF,1:00 PM,1:50 PM,Stuart Hall,1
EDU  117  02 Exceptional Learners,J Hanson,MW,6:00 PM,7:20 PM,Hickok Hall,1
EDU  187  01W Human Relations,B Christoffersen,TR,2:00 PM,3:20 PM,Stuart Hall,1
EDU  187  02W Human Relations,S Haynes-Moore,MWF,11:00 AM,11:50 AM,Stuart Hall,1
EDU  195  01 Educ Psychology & Development,C Johnson,MWF,8:00 AM,8:50 AM,Hickok Hall,1
EDU  215  01W Practicum in Education,S Kress,MW,2:00 PM,3:20 PM,Stuart Hall,1
To register: Please see B. Kigin SH 09A,,,,,,
EDU  219  01 Educational Technology Lab,L Wiebenga,T,2:00 PM,3:20 PM,Stuart Hall,0
To register: Please see B. Kigin SH 09A,,,,,,
EDU  220  01W Professional Writing for Teachers,N Hayes,MWF,1:00 PM,1:50 PM,Stuart Hall,1
EDU  260  01W Content Reading,N Hayes,MWF,9:00 AM,9:50 AM,Stuart Hall,1
EDU  270  01W Literature K-12,N Hayes,MWF,11:00 AM,11:50 AM,Stuart Hall,1
EDU  275  01 Math Comprehension for Teaching,M Hanson,TR,11:00 AM,12:20 PM,Athletics and Recrea,
EDU  284  01 Topics: Mindfulness and Learning,N Hayes,M,6:00 PM,7:20 PM,Stuart Hall,0.5
EDU  300  01 Expressive Methods,S Kress,TR,6:00 PM,7:20 PM,Stuart Hall,0.5
EDU  305  01W Methods of Elementary Science,S Kress,TR,2:00 PM,3:20 PM,Stuart Hall,1
,S Kress,M,4:00 PM,6:00 PM,Stuart Hall,1
EDU  310  01W Meth Secondary Business Educ,K Hynek,W,6:00 PM,8:00 PM,Stuart Hall,1
To register: Please see B. Kigin SH 09A,,,,,,
EDU  311  01W Meth Secondary Language Arts,S Haynes-Moore,T,6:00 PM,8:00 PM,Stuart Hall,1
To register: Please see Betsy Kigin,,,,,,
EDU  312  01W Meth Secondary Social Studies,S Neilly,W,6:00 PM,8:00 PM,Stuart Hall,1
To register: Please see B. Kigin SH 09A,,,,,,
EDU  313  01W Methods Secondary Mathematics,M Hanson,W,6:00 PM,8:00 PM,Stuart Hall,1
To register: Please see B. Kigin SH 09A,,,,,,
EDU  320  01W Methods of Secondary Science,Staff,W,6:00 PM,8:00 PM,Stuart Hall,1
To register: Please see B. Kigin SH 09A,,,,,,
EDU  321  01W Meth World Language Instr K-12,N Hayes,R,6:00 PM,8:00 PM,Stuart Hall,1
To register: Please see B. Kigin SH 09A,,,,,,
EDU  365  01W Methods of Elementary Social Studie,A Russell,TR,8:00 AM,9:20 AM,Stuart Hall,1
,A Russell,M,4:00 PM,6:00 PM,Stuart Hall,1
EDU  481  01W Stu Tchg Sec: ART,A Russell,W,4:00 PM,5:00 PM,Stuart Hall,2
EDU  482  01W Stu Tchg Sec: Phys Education,A Russell,W,4:00 PM,5:00 PM,Stuart Hall,2
EDU  483  01W Std Teaching Elem: ART,A Russell,W,5:00 PM,6:00 PM,Stuart Hall,2
EDU  485  01W Std Teaching Elem: Phys Ed,A Russell,W,5:00 PM,6:00 PM,Stuart Hall,2
EDU  489  01W Student Teaching Sr HS,A Russell,W,4:00 PM,5:00 PM,Stuart Hall,2
EDU  490  01W Student Teaching Jr HS,A Russell,W,5:00 PM,6:00 PM,Stuart Hall,2
EDU  491  01W Student Teaching 4-6,A Russell,W,4:00 PM,5:00 PM,Stuart Hall,2
EDU  492  01W Student Teaching K-3,A Russell,W,5:00 PM,6:00 PM,Stuart Hall,2
English,,,,,,
ENG  101  01W IntroLitStudies: Art of Rdg & Wrtg,G Hausknecht,MWF,1:00 PM,1:50 PM,Hickok Hall,1
ENG  107  01 Exploring Literature:US Pluralism,P Valderrama,TR,12:30 PM,1:50 PM,Hickok Hall,1
ENG  137  01W African American Literature,L McQueen,TR,9:30 AM,10:50 AM,Hickok Hall,1
ENG  291  01W Literatures in English after 1800,L Hayes,TR,11:00 AM,12:20 PM,Hickok Hall,1
ENG  301  01W The Art of Literary Research,G Hausknecht,TR,2:00 PM,3:20 PM,Hickok Hall,1
ENG  337  01W American Realism & Naturalism,A Shaw,MW,3:30 PM,4:50 PM,Hickok Hall,1
ENG  454  01 Honors Research,A Shaw,,12:00 AM,12:00 AM,Arranged,1
ENG  467  01W Seminar inLit:USPluralism,P Valderrama,T,3:30 PM,5:50 PM,Hickok Hall,1
English as a Second Lang,,,,,,
ESL  105  01 Reading/Writing Studies/ Lab I,K Welsh,TR,9:30 AM,10:50 AM,Struve Comm Ctr,0
ESL  115  01 Stuctr & Oral Present I,K Keegan,MWF,10:00 AM,10:50 AM,Struve Comm Ctr,0
Course Number/Title,Instructor,Days,Beg Time,End Time,Bldg Room,Credits
English as a Second Lang,,,,,,
ESL  125  02 Pronounciation,K Welsh,MWF,2:00 PM,2:50 PM,Struve Comm Ctr,0
ESL  235  01 Topics in Speaking & ListeningTOEIC,A Drexler,TR,12:30 PM,1:50 PM,Struve Comm Ctr,0
ESL  235  02 Top Speak & Listen:American Culture,K Keegan,MWF,11:00 AM,11:50 AM,Struve Comm Ctr,0
ESL  444  01 Independent Study,A Drexler,,12:00 AM,12:00 AM,Arranged,0
For nonnative English Speakers only.,,,,,,
Film Studies,,,,,,
FLM  105  01 Introduction to Film,K Lausch,TR,9:30 AM,10:50 AM,Hickok Hall,1
FLM  105  02 Introduction to Film,K Lausch,MW,3:00 PM,4:20 PM,Stewart Mem Lib,1
FLM  105L 01 Introduction to Film Lab,K Lausch,,12:00 AM,12:00 AM,Arranged,0
FLM  105L 02 Introduction to Film Lab,K Lausch,,12:00 AM,12:00 AM,Arranged,0
FLM  225  01W Film History,K Lausch,TR,12:30 PM,1:50 PM,Hickok Hall,1
FLM  225L 00 Film History Lab,K Lausch,,12:00 AM,12:00 AM,Arranged,0
FLM  250  01W Film Topics:The Vietnam War in Film,D Buckaloo,TR,2:00 PM,3:20 PM,Hickok Hall,1
FLM  464  01 Seminar in Film I:,K Lausch,,12:00 AM,12:00 AM,Arranged,A0.50
FLM  494  01 Internship in Film,G Hausknecht,,12:00 AM,12:00 AM,Arranged,1
French,,,,,,
FRE  115  01 Elementary French I,J Janca-Aji,MWF,9:00 AM,9:50 AM,Hickok Hall,1
FRE  235  01 Intermediate French,J Janca-Aji,MWF,10:00 AM,10:50 AM,Hickok Hall,1
FRE  345  01 History of Fr: Language & Culture,J Janca-Aji,MWF,2:00 PM,2:50 PM,Hickok Hall,1
FRE  444  01 Ind Study-French,J Janca-Aji,,12:00 AM,12:00 AM,Arranged,1
First Year Seminar,,,,,,
FS110  01W FYS:BelongingorBeinganOutcast,L Rodriguez Moreno,MWRF,11:00 AM,11:50 AM,Hickok Hall,1
FS110  02W FYS:  History of Sport in the US,L Atwater,MWRF,11:00 AM,11:50 AM,Eby Fieldhouse,1
FS110  03W FYS: Black Lives Matter,A Kelley,MWRF,11:00 AM,11:50 AM,Hickok Hall,1
FS110  04W FYS:CallingBullshitData-DrivenWorld,B Miller,MWRF,11:00 AM,11:50 AM,Stuart Hall,1
FS110  05W FYS:  Around the World,W Herron,MWRF,11:00 AM,11:50 AM,Stuart Hall,1
FS110  06W FYS: Into the Woods,S Farrell,MWRF,11:00 AM,11:50 AM,Stuart Hall,1
FS110  07W FYS: Defusing Dangerous Designs,B Chihak,MWRF,11:00 AM,11:50 AM,Stuart Hall,1
FS110  08W FYS:How to Bounce Back:Resilency,S Brown,MWRF,11:00 AM,11:50 AM,Stuart Hall,1
FS110  09W FYS:Good Trouble:Rhetoric of Social,A Carr,MWRF,11:00 AM,11:50 AM,Hickok Hall,1
FS110  10W FYS: Doing Good,J Chaimov,MWRF,11:00 AM,11:50 AM,Struve Comm Ctr,1
FS110  11W FYS: The Oil Titan,J Chen,MWRF,11:00 AM,11:50 AM,Stuart Hall,1
FS110  12W FYS:What we are afraid of and Why,G Cross,MWRF,11:00 AM,11:50 AM,Stuart Hall,1
FS110  13W FYS:Liberal Arts: A Sense of Place,B Nesmith,MWRF,11:00 AM,11:50 AM,Hickok Hall,1
FS110  14W FYS:Coe 2121:ImaginingtheCollege,G Hausknecht,MWRF,11:00 AM,11:50 AM,Hickok Hall,1
FS110  15W FYS:J.S.Bach&AlbertSchweitzer:Lives,B Wolgast,MWRF,11:00 AM,11:50 AM,Marquis Hall,1
FS110  16W FYS:TheJapaneseEconomicMiracle,D Nordmann,MWRF,11:00 AM,11:50 AM,Hickok Hall,1
FS110  17W FYS:Living Life on Purpose,A Perry,MWRF,11:00 AM,11:50 AM,Stuart Hall,1
"FS110  18W FYS:Know Yourself, Know Your Worth",C Johnson,MWRF,11:00 AM,11:50 AM,Hickok Hall,1
"FS110  19W FYS:Money, Power, and Privilege",D Westberg,MWRF,11:00 AM,11:50 AM,Stuart Hall,1
FS110  20W FYS: The Nobel Peace Prize,K Lanegran,MWRF,11:00 AM,11:50 AM,Hickok Hall,1
FS110  21W FYS:Photography:Through the Lens,L Goodson,MWRF,11:00 AM,11:50 AM,Hickok Hall,1
FS110  22W FYS:Physics Through History&Society,M Affatigato,MWRF,11:00 AM,11:50 AM,Stuart Hall,1
FS110  23W FYS: Reading the Human Brain,R Christensen,MWRF,11:00 AM,11:50 AM,Stuart Hall,1
FS110  24W FYS:Science of Athletic Performance,C Libby,MWRF,11:00 AM,11:50 AM,Struve Comm Ctr,1
FS110  25W FYS:  Ancient and Modern Olympics,E Rydze,MWRF,11:00 AM,11:50 AM,Eby Fieldhouse,1
FS110  26W FYS: Visions of Heaven and Hell,G Chaplin,MWRF,11:00 AM,11:50 AM,Hickok Hall,1
FS110  27W FYS: Water and Place,M St. Clair,MWRF,11:00 AM,11:50 AM,Stuart Hall,1
Course Number/Title,Instructor,Days,Beg Time,End Time,Bldg Room,Credits
First Year Seminar,,,,,,
"FS110  28W FYS:The Great War in Film, Fiction,",B Keenan,MWRF,11:00 AM,11:50 AM,Hickok Hall,1
Gender Studies,,,,,,
GS107  01W Intro Gender & Sexuality Studies,K Steffens,W,6:00 PM,8:50 PM,Hickok Hall,1
GS247  01W Gender & Sexuality StudiesSymposium,K Steffens,M,6:00 PM,8:50 PM,Hickok Hall,1
History,,,,,,
HIS  115  01 History of Europe to 1500,B K`eenan,MWF,1:00 PM,1:50 PM,Hickok Hall,1
HIS  115  02 History of Europe to 1500,B Keenan,MWF,10:00 AM,10:50 AM,Hickok Hall,1
HIS  145  01 History of United States to 1865,P Husom,MWF,9:00 AM,9:50 AM,Hickok Hall,1
HIS  145  02 History of United States to 1865,P Husom,MWF,10:00 AM,10:50 AM,Hickok Hall,1
HIS  205  01W Historians Craft,D Buckaloo,TR,11:00 AM,12:20 PM,Athletics and Recrea,
HIS  216  01W History of Modern Korea (WE),D Nordmann,TR,12:30 PM,1:50 PM,Hickok Hall,1
HIS  238  01W Modern France,B Keenan,TR,2:00 PM,3:20 PM,Hickok Hall,1
HIS  268  01W Latin America,D Buckaloo,MWF,10:00 AM,10:50 AM,Hickok Hall,1
HIS  355  01W 19th Century Europe,B Keenan,MWF,2:00 PM,2:50 PM,Hickok Hall,1
HIS  444  01 Ind Study-History,B Keenan,,12:00 AM,12:00 AM,Arranged,1
HIS  444  02 Ind Study-History,D Nordmann,,12:00 AM,12:00 AM,Arranged,1
HIS  474  01 Seminar Modern European History,B Keenan,,12:00 AM,12:00 AM,Arranged,1
HIS  494  02 Internship in History,A Ziskowski,,12:00 AM,12:00 AM,Arranged,1
Interdisciplinary,,,,,,
INT  494  01 Interdisciplinary Internship,K Lanegran,,12:00 AM,12:00 AM,Arranged,1
INT  494  02 Internship,R Baranowski,,12:00 AM,12:00 AM,Arranged,1
International Studies,,,,,,
IS116  01 Intro to International Studies,J Chaimov,MWF,8:00 AM,8:50 AM,Hickok Hall,1
Japanese Studies,,,,,,
JPN  115  01 Elementary Japanese I,M Potter,MWF,1:00 PM,1:50 PM,Hickok Hall,1
Kinesiology,,,,,,
KIN  100  01 PE: Weight Training,L Atwater,MWF,8:00 AM,8:50 AM,Weight Training Roo,0.2
meets first 7 weeks,,,,,,
KIN  100  02 PE: Badminton,L Atwater,MWF,12:00 PM,12:50 PM,Eby Fieldhouse,0.2
meets first 7 weeks,,,,,,
KIN  100  05 PE: Yoga,D LeFevre,TR,12:30 PM,1:50 PM,Clark Rac Center,0.2
meets first 7 weeks,,,,,,
KIN  102  01 PE: Tennis,T Galbraith,MWF,1:00 PM,1:50 PM,Clark Rac Center,0.2
meets second 7 weeks,,,,,,
KIN  102  03 PE: Adv Weight Training,K Bakas,MWF,8:00 AM,8:50 AM,Weight Training Roo,0.2
meets second 7 weeks,,,,,,
KIN  102  04 PE: Yoga,D LeFevre,TR,12:30 PM,1:50 PM,Clark Rac Center,0.2
meet second 7 weeks,,,,,,
KIN  102  05 PE: StressReduction&Relaxation,A Parks,TR,11:00 AM,12:20 PM,Clark Rac Center,0.2
meets second 7 weeks,,,,,,
KIN  105  01 Foundations of Physical Movement,E Rydze,MWF,10:00 AM,10:50 AM,Eby Fieldhouse,1
KIN  105  02 Foundations of Physical Movement,E Rydze,MWF,2:00 PM,2:50 PM,Eby Fieldhouse,1
KIN  115  01 Fundamentals:Exercise & Nutrition,E Rydze,TR,9:30 AM,10:50 AM,Eby Fieldhouse,1
KIN  115  02 Fundamentals:Exercise & Nutrition,E Rydze,TR,2:00 PM,3:20 PM,Eby Fieldhouse,1
KIN  125  01 Public and Consumer Health,K Rice,MWF,12:00 PM,12:50 PM,Eby Fieldhouse,1
KIN  155  01 Substance Abuse,K Rice,TR,9:30 AM,10:50 AM,Eby Fieldhouse,1
KIN  155  02 Substance Abuse,L Atwater,TR,12:30 PM,1:50 PM,Eby Fieldhouse,1
KIN  175  01 Prevention & Care Ath Inj,J Chandler,MWF,10:00 AM,10:50 AM,Eby Fieldhouse,1
,J Chandler,T,9:30 AM,10:50 AM,Eby Fieldhouse,
Course Number/Title,Instructor,Days,Beg Time,End Time,Bldg Room,Credits
Kinesiology,,,,,,
KIN  201  01 Fundamentals of Coaching,P Molinari,TR,11:00 AM,12:20 PM,Eby Fieldhouse,1
KIN  215  01 Psychology of Coaching,K Rice,MWF,11:00 AM,11:50 AM,Eby Fieldhouse,1
KIN  225  01 Motor Learning,C Libby,MWF,9:00 AM,9:50 AM,Eby Fieldhouse,1
KIN  315  01 Methods Elementary Sch PE & Health,K Hynek,W,6:00 PM,9:00 PM,Eby Fieldhouse,1
KIN  385  01 Methods Strength Trng & Condition,K Diehl,TR,12:30 PM,1:50 PM,Eby Fieldhouse,1
"KIN  40  01W Org-Admin of PE, Health & Athl",L Atwater,TR,9:30 AM,10:50 AM,Athletics and Recrea,
KIN  442  01 Physiology of Exercise,J Chandler,TR,8:00 AM,9:20 AM,Eby Fieldhouse,1
"KIN  494  01 Internship in PE, Health & Rec",E Rydze,,12:00 AM,12:00 AM,Arranged,1
"KIN  494  02 Internship in PE, Health & Rec",L Atwater,,12:00 AM,12:00 AM,Arranged,1
Latin,,,,,,
LTN  115  01 Basic Latin,J Langseth,MWF,12:00 PM,12:50 PM,Hickok Hall,1
Military Studies-AROTC,,,,,,
MIL  101  01 Leadership & Pers Devel,A ROTC,M,7:00 AM,7:50 AM,Struve Comm Ctr,0.25
MIL  102  01 Intro Tactical Leadership,A ROTC,,12:00 AM,12:00 AM,Arranged,0.25
MIL  103  01 Innovative Team Leadership,A ROTC,WF,7:00 AM,7:50 AM,Struve Comm Ctr,0.5
MIL  104  01 Foundations of Tactical Leadership,A ROTC,,12:00 AM,12:00 AM,Arranged,0.5
MIL  209  01 Leadership Lab,A ROTC,R,6:00 AM,7:50 AM,Arranged,0
MIL  215  01 Adv Military Fitness Training,A ROTC,MWF,6:00 AM,6:50 AM,Clark Rac Center,0.5
MIL  220  01 Adaptive Tactical Leadership,A ROTC,,12:00 AM,12:00 AM,Arranged,0.75
MIL  305  01 Leadership in Changing Environs,A ROTC,,12:00 AM,12:00 AM,Arranged,0.75
MIL  350  01 Developing Adaptive Ldrshp,A ROTC,,12:00 AM,12:00 AM,Arranged,0.75
MIL  360  01 Leadership in Complex World,A ROTC,,12:00 AM,12:00 AM,Arranged,0.75
MIL  380  01 Readings Contmp Miitary Issues,A ROTC,,12:00 AM,12:00 AM,Arranged,0.75
Military Studies-AFROTC,,,,,,
MSA  110  01 Air Force Heritage and Values I,A ROTC,R,9:30 AM,10:20 AM,Arranged,0.25
MSA  110L 01 AFROTC Leadrshp Lab I00 FA,A ROTC,R,7:00 AM,8:50 AM,Arranged,0.25
MSA  210  01 Team and Leadership Fundamentals I,A ROTC,R,10:30 AM,11:20 AM,Arranged,0.25
MSA  210L 01 AFROTC Leadrshp Lab 200 FA,A ROTC,R,7:00 AM,8:50 AM,Arranged,0.25
MSA  310  01 Leadership Studies:Leading People &,A ROTC,TR,2:00 PM,3:15 PM,Arranged,0.75
MSA  310L 01 AFROTC Leadrshp Lab 300 FA,A ROTC,R,7:00 AM,8:50 AM,Arranged,0.25
MSA  10  01 National Security / Leadership Resp,A ROTC,MW,8:00 AM,9:15 AM,Arranged,0.75
MSA  10L 01 National Security Leadership Lab,A ROTC,TR,7:00 AM,8:50 AM,Arranged,0.25
Mathematics,,,,,,
MTH  135  01 Calculus I,J White,MTWF,10:00 AM,10:50 AM,Stuart Hall,1
MTH  135  02 Calculus I,W Herron,MTWF,12:00 PM,12:50 PM,Stuart Hall,1
MTH  135  03 Calculus I,B Miller,MTWF,2:00 PM,2:50 PM,Stuart Hall,1
MTH  145  01 Calculus II,M Stobb,MTWF,2:00 PM,2:50 PM,Stuart Hall,1
MTH  215  01W Foundations of Advanced Mathematics,B Miller,MWF,12:00 PM,12:50 PM,Stuart Hall,1
MTH  255  01 Calculus III,J White,MTWF,1:00 PM,1:50 PM,Stuart Hall,1
MTH  385  01 Modern Algebra I,W Herron,MWF,9:00 AM,9:50 AM,Stuart Hall,1
MTH  484  01W Special Topics: Math History,J White,MWF,2:00 PM,2:50 PM,Stuart Hall,1
MTH  484  02 Sp Top:Partial Differential Equat,B Miller,,12:00 AM,12:00 AM,Arranged,1
Music,,,,,,
MU109  01 Theory of Music I,A Brewer,MWF,10:00 AM,10:50 AM,Marquis Hall,1
MU109L 01 Aural Skills Lab I,A Brewer,TR,9:30 AM,10:30 AM,Marquis Hall,0.2
MU151  01 Record Label,R Benson,,12:00 AM,12:00 AM,Arranged,0.5
Course Number/Title,Instructor,Days,Beg Time,End Time,Bldg Room,Credits
Music,,,,,,
MU251  01 Record Label Seminar,R Benson,,12:00 AM,12:00 AM,Arranged,0.5
MU284  01 Topics in Music,B Wolgast,,12:00 AM,12:00 AM,Arranged,1
MU285  01 Conducting I,M Falk,TR,9:30 AM,10:50 AM,Marquis Hall,1
MU309  01 Theory of Music III,B Wolgast,MWF,9:00 AM,9:50 AM,Marquis Hall,1
MU309L 01 Aural Skills Lab III,B Wolgast,TR,8:30 AM,9:20 AM,Marquis Hall,0.2
MU421  01 Student Teaching Elementary Music,S Shanley,,12:00 AM,12:00 AM,Arranged,2
MU422  01 Student Teaching Secondary Music,S Shanley,,12:00 AM,12:00 AM,Arranged,2
MU444  01 Ind Study-Music,B Wolgast,,12:00 AM,12:00 AM,Arranged,1
MU458  01W Music History & Literature III,K Weiler,MWRF,11:00 AM,11:50 AM,Marquis Hall,1
Music - Applied,,,,,,
MUA  100  01 Concert Band,D Terrell,M,4:00 PM,6:00 PM,Sinclair Auditorium,0.3
,D Terrell,W,7:00 PM,9:00 PM,Sinclair Auditorium,
MUA  100K 01 Group Piano,J Titus,MW,2:00 PM,2:50 PM,Marquis Hall,0.3
MUA  101  01 Jazz Ensemble,S Shanley,T,7:00 PM,8:30 PM,Marquis Hall,0.2
,S Shanley,R,4:00 PM,5:30 PM,Marquis Hall,
MUA  101B 01 Trumpet,D Terrell,,12:00 AM,12:00 AM,Marquis Hall,0.3
MUA  101C 01 Composition,J Reznicow,,12:00 AM,12:00 AM,Arranged,0.3
MUA  101K 01 Piano Lessons,B Wolgast,,12:00 AM,12:00 AM,Marquis Hall,0.3
MUA  101P 01 Percussion,A Lawrence,,12:00 AM,12:00 AM,Arranged,0.3
MUA  101S 01 Violin,M Capistran,,12:00 AM,12:00 AM,Arranged,0.3
MUA  101V 01 Voice,J Bunge,,12:00 AM,12:00 AM,Marquis Hall,0.3
MUA  101W 01 Flute,V Bishop,,12:00 AM,12:00 AM,Marquis Hall,0.3
MUA  102  01 Jazz & Improvisation Lab,S Shanley,T,8:30 PM,9:20 PM,Marquis Hall,0.1
MUA  102K 01 Piano Arranging Lessons,S Shanley,,12:00 AM,12:00 AM,Marquis Hall,0.3
MUA  103  01 Symphony Orchestra,S Shanley,T,3:30 PM,5:30 PM,Sinclair Auditorium,0.3
,S Shanley,R,7:00 PM,9:00 PM,Sinclair Auditorium,
MUA  103K 01 Piano: Jazz,S Shanley,,12:00 AM,12:00 AM,Marquis Hall,0.3
MUA  104  01 Concert Choir,J Bunge,MWF,12:00 PM,12:50 PM,Marquis Hall,0.3
,J Bunge,R,12:30 PM,1:20 PM,Marquis Hall,
MUA  105  01 Chorale: Crimson Singers,J Bunge,,12:00 AM,12:00 AM,Arranged,0.2
MUA  110V 01 Voice Sight Singing Lessons,Staff,,12:00 AM,12:00 AM,Arranged,0.3
MUA  111  01 Coe Handbell Ensemble,M Wolgast,T,12:30 PM,1:50 PM,Arranged,0.2
MUA  111B 01 French Horn,C Harris,,12:00 AM,12:00 AM,Marquis Hall,0.3
MUA  111K 01 Organ,B Wolgast,,12:00 AM,12:00 AM,Marquis Hall,0.3
MUA  111S 01 Viola,J Reynolds-Altfillisch,,12:00 AM,12:00 AM,Arranged,0.3
MUA  111W 01 Oboe,L Fleer,,12:00 AM,12:00 AM,Arranged,0.3
MUA  121B 01 Trombone,J Nagel,,12:00 AM,12:00 AM,Arranged,0.3
MUA  121K 01 Harpsichord Lessons,M Wolgast,,12:00 AM,12:00 AM,Arranged,0.3
MUA  121S 01 Cello,A Phelps,,12:00 AM,12:00 AM,Arranged,0.3
MUA  121W 01 Clarinet,L Wissenberg,,12:00 AM,12:00 AM,Arranged,0.3
MUA  130V 01 Musical Theatre Practicum,Staff,,12:00 AM,12:00 AM,Arranged,0.5
MUA  131B 01 Low Brass,J Nagel,,12:00 AM,12:00 AM,Marquis Hall,0.3
MUA  131S 01 String Bass,J Hall,,12:00 AM,12:00 AM,Arranged,0.3
MUA  131V 01 Song Interpretation,L Rothrock,M,3:00 PM,4:30 PM,Marquis Hall,0.2
MUA  131W 01 Saxophone,R Morton,,12:00 AM,12:00 AM,Arranged,0.3
MUA  133B 01 Brass Ensemble & Lit,Staff,,12:00 AM,12:00 AM,Arranged,0.2
MUA  133K 01 Keyboard Ensemble & Literature,B Wolgast,,12:00 AM,12:00 AM,Arranged,0.2
MUA  133P 01 Percussion Ensemble & Literature,A Lawrence,,12:00 AM,12:00 AM,Arranged,0.2
MUA  133S 01 String Ens & Lit,A Phelps,,12:00 AM,12:00 AM,Arranged,0.2
Course Number/Title,Instructor,Days,Beg Time,End Time,Bldg Room,Credits
Music - Applied,,,,,,
MUA  133V 01 Vocal Literature,J Bunge,,12:00 AM,12:00 AM,Arranged,0.2
MUA  133W 01 Woodwind Ensemble & Literature,Staff,,12:00 AM,12:00 AM,Arranged,0.2
MUA  134B 01 Brass Pedagogy,Staff,,12:00 AM,12:00 AM,Arranged,0.2
MUA  134K 01 Keyboard Pedagogy,B Wolgast,,12:00 AM,12:00 AM,Arranged,0.2
MUA  134P 01 Percussion Pedagogy,A Lawrence,,12:00 AM,12:00 AM,Arranged,0.2
MUA  134S 01 Strings Pedagogy,A Phelps,,12:00 AM,12:00 AM,Arranged,0.2
MUA  134V 01 Vocal Pedagogy,J Bunge,,12:00 AM,12:00 AM,Arranged,1
MUA  11S 01 Harp,G Brumwell,,12:00 AM,12:00 AM,Arranged,0.3
MUA  11W 01 Bassoon,R Morton,,12:00 AM,12:00 AM,Arranged,0.3
MUA  151S 01 Guitar,J Nothnagle,,12:00 AM,12:00 AM,Arranged,0.3
MUA  163  01 Instr Tech: Double Reeds,L Fleer,TR,6:00 PM,6:50 PM,Marquis Hall,0.3
MUA  173  01 Instr Tech: High Brass,J Nagel,TR,6:00 PM,6:50 PM,Marquis Hall,0.3
MUA  202B 01 Trumpet,D Terrell,,12:00 AM,12:00 AM,Arranged,0.6
MUA  202C 01 Composition,J Reznicow,,12:00 AM,12:00 AM,Arranged,0.6
MUA  202K 01 Piano Lessons,B Wolgast,,12:00 AM,12:00 AM,Arranged,0.6
MUA  202P 01 Percussion,A Lawrence,,12:00 AM,12:00 AM,Arranged,0.6
MUA  202S 01 Violin,M Capistran,,12:00 AM,12:00 AM,Arranged,0.6
MUA  202V 01 Voice,J Bunge,,12:00 AM,12:00 AM,Arranged,0.6
MUA  202W 01 Flute,V Bishop,,12:00 AM,12:00 AM,Arranged,0.6
MUA  211  01 Group Sight-Singing Lessons,Staff,,12:00 AM,12:00 AM,Arranged,0.2
MUA  212B 01 French Horn,C Harris,,12:00 AM,12:00 AM,Arranged,0.6
MUA  212K 01 Organ,B Wolgast,,12:00 AM,12:00 AM,Arranged,0.6
MUA  212S 01 Viola,J Reynolds-Altfillisch,,12:00 AM,12:00 AM,Arranged,0.6
MUA  212W 01 Oboe,L Fleer,,12:00 AM,12:00 AM,Arranged,0.6
MUA  222B 01 Trombone,J Nagel,,12:00 AM,12:00 AM,Arranged,0.6
MUA  222K 01 Harpsichord Lessons,M Wolgast,,12:00 AM,12:00 AM,Arranged,0.6
MUA  222S 01 Cello,A Phelps,,12:00 AM,12:00 AM,Arranged,0.6
MUA  222W 01 Clarinet,L Wissenberg,,12:00 AM,12:00 AM,Arranged,0.6
MUA  232B 01 Low Brass,J Nagel,,12:00 AM,12:00 AM,Arranged,0.6
MUA  232S 01 String Bass,J Hall,,12:00 AM,12:00 AM,Arranged,0.6
MUA  232W 01 Saxophone,R Morton,,12:00 AM,12:00 AM,Arranged,0.6
MUA  242S 01 Harp,G Brumwell,,12:00 AM,12:00 AM,Arranged,0.6
MUA  242W 01 Bassoon,R Morton,,12:00 AM,12:00 AM,Arranged,0.6
MUA  252S 01 Guitar,J Nothnagle,,12:00 AM,12:00 AM,Arranged,0.6
MUA  284  01 Applied Music: Special Topics,B Wolgast,,12:00 AM,12:00 AM,Arranged,0.3
MUA  284  02 Applied Music: Special Topics,B Wolgast,,12:00 AM,12:00 AM,Arranged,0.6
MUA  300A 01 Alexander Technique,M Marrs,,12:00 AM,12:00 AM,Arranged,0.3
MUA  303B 01 Trumpet (Adv Std),D Terrell,,12:00 AM,12:00 AM,Arranged,0.6
MUA  303C 01 Composition (Advanced Standing),J Reznicow,,12:00 AM,12:00 AM,Arranged,0.6
MUA  303K 01 Piano (Adv Standing),B Wolgast,,12:00 AM,12:00 AM,Arranged,0.6
MUA  303P 01 Percussion (Adv Std),A Lawrence,,12:00 AM,12:00 AM,Arranged,0.6
MUA  303S 01 Violin (Adv Standing),M Capistran,,12:00 AM,12:00 AM,Arranged,0.6
MUA  303V 01 Voice (Adv Standing),J Bunge,,12:00 AM,12:00 AM,Arranged,0.6
MUA  303W 01 Flute (Adv Standing),V Bishop,,12:00 AM,12:00 AM,Arranged,0.6
MUA  313B 01 French Horn (Adv Std),C Harris,,12:00 AM,12:00 AM,Arranged,0.6
MUA  313K 01 Organ (Adv Standing),B Wolgast,,12:00 AM,12:00 AM,Arranged,0.6
MUA  313S 01 Viola (Adv Standing),J Reynolds-Altfillisch,,12:00 AM,12:00 AM,Arranged,0.6
MUA  313W 01 Oboe (Adv Standing),L Fleer,,12:00 AM,12:00 AM,Arranged,0.6
MUA  323B 01 Trombone (Advanced Standing),J Nagel,,12:00 AM,12:00 AM,Arranged,0.6
Course Number/Title,Instructor,Days,Beg Time,End Time,Bldg Room,Credits
Music - Applied,,,,,,
MUA  323K 01 Harpsichord Lessons(Adv Standing),M Wolgast,,12:00 AM,12:00 AM,Arranged,0.6
MUA  323S 01 Cello (Adv Standing),A Phelps,,12:00 AM,12:00 AM,Arranged,0.6
MUA  323W 01 Clarinet (Adv Std),L Wissenberg,,12:00 AM,12:00 AM,Arranged,0.6
MUA  333B 01 Low Brass (Ad Std),J Nagel,,12:00 AM,12:00 AM,Arranged,0.6
MUA  333S 01 String Bass (Advanced Standing),J Hall,,12:00 AM,12:00 AM,Arranged,0.6
MUA  333W 01 Saxophone (Adv Std),R Morton,,12:00 AM,12:00 AM,Arranged,0.6
MUA  343S 01 Harp (Adv Standing),G Brumwell,,12:00 AM,12:00 AM,Arranged,0.6
MUA  343W 01 Bassoon (Adv Std),R Morton,,12:00 AM,12:00 AM,Arranged,0.6
MUA  353S 01 Guitar (Adv Std),J Nothnagle,,12:00 AM,12:00 AM,Arranged,0.6
MUA  13  01 Orchestration,J Reznicow,,12:00 AM,12:00 AM,Arranged,0.6
MUA  490  01 Senior Recital,Staff,,12:00 AM,12:00 AM,Arranged,0
new,,,,,,
NEW  000  01 New Student Registration,J Upah,,12:00 AM,12:00 AM,Arranged,3
Nursing,,,,,,
NUR  100  01 Nursing Issues,Staff,W,3:30 PM,4:20 PM,Cherry Auditorium,0.2
NUR  200  01 Nursing Issues II,Staff,W,3:30 PM,4:20 PM,Cherry Auditorium,0.2
NUR  300  01 Art & Science of Nursing,H Bursch,WF,8:00 AM,9:20 AM,Stuart Hall,1
NUR  305  01W Information Literacy & Management,K Siems,F,12:00 PM,1:20 PM,Stuart Hall,0.5
NUR  315  01 Pathophysiology,J Mcintosh,F,9:30 AM,10:50 AM,Stuart Hall,1
,J Mcintosh,F,1:30 PM,2:50 PM,Stuart Hall,4
NUR  315  02 Patho Assessment,M Umbarger-Mackey,W,9:30 AM,10:50 AM,Stuart Hall,1
,M Umbarger-Mackey,W,1:30 PM,2:50 PM,Stuart Hall,4
NUR  315C 10 Pathophysiology Skills Clinical,V Nicola,S,9:00 AM,3:30 PM,Arranged,
NUR  315C 20 Pathophysiology Skills Clinical,K Siems,M,9:00 AM,3:30 PM,Arranged,0
NUR  315C 30 Pathophysiology Skills Clinical,L Kromminga,M,3:00 PM,9:30 PM,Arranged,0
NUR  315C 0 Pathophysiology Skills Clinical,A Kittrell,T,3:00 PM,9:30 PM,Arranged,0
NUR  315C 50 Pathophysiology Skills Clinical,A Kittrell,T,9:30 AM,3:00 PM,Arranged,0
NUR  315L 01 Pathophysiology Skills Lab,A Kittrell,R,8:00 AM,12:00 PM,Stuart Hall,0
NUR  315L 02 Pathophysiology Skills Lab,A Kittrell,R,1:00 PM,5:00 PM,Stuart Hall,0
NUR  360  01 Pharmacological Principles,K Siems,W,12:00 PM,1:20 PM,Stuart Hall,0.5
NUR  15  01 Advanced Concepts in Nursing,H Bursch,T,8:00 AM,9:20 AM,Stuart Hall,2
NUR  15C 10 Adv Appl Clinical,M Tobin,T,3:00 PM,4:20 PM,Stuart Hall,0
NUR  15C 20 Adv Appl Clinical,M Umbarger-Mackey,T,3:00 PM,4:20 PM,Stuart Hall,0
NUR  15L 01 Adv Appl Lab,A Kittrell,M,8:00 AM,12:00 PM,Stuart Hall,0
NUR  15L 02 Adv Appl Lab,A Kittrell,M,1:00 PM,5:00 PM,Stuart Hall,0
NUR  425  01 Nursing Research,A Whitters,R,9:30 AM,10:50 AM,Stuart Hall,1
NUR  430  01W Community & Population Oriented Nur,M Umbarger-Mackey,T,9:30 AM,10:50 AM,Stuart Hall,1
Occasional Course,,,,,,
OCC  111  01 Exploration for Health & Society,S Kelly,TR,9:30 AM,10:50 AM,Hickok Hall,0.5
OCC  122  01 Palcky Czechia Exchange,J Chaimov,,12:00 AM,12:00 AM,Arranged,3
OCC  220  01 Nagoya-Gakuin Exchange Japan,J Chaimov,,12:00 AM,12:00 AM,Arranged,4
OCC  225  01 Coe/Northern Ireland Scholars,S Farrell,,12:00 AM,12:00 AM,Arranged,3
OCC  235  01 Sookmyung /Coe Exchange S. Korea,J Chaimov,,12:00 AM,12:00 AM,Arranged,4
OCC  255  01 OCC Valenciennes France,J Janca-Aji,,12:00 AM,12:00 AM,Arranged,4
OCC  265  01 Turkey Exchange - Altinbas,J Chaimov,,12:00 AM,12:00 AM,Arranged,3
Course Number/Title,Instructor,Days,Beg Time,End Time,Bldg Room,Credits
Occasional Course,,,,,,
OCC  325  01 ACM Field Musuem,,,12:00 AM,12:00 AM,Arranged,4
OCC  365  01 Study & Research at Oak Ridge Lab,J Chaimov,,12:00 AM,12:00 AM,Arranged,4
Study at Another College,,,,,,
OTH  30  01 MT MERCY-AUDITING,Staff,,12:00 AM,12:00 AM,Arranged,1
OTH  01  01 U.Iowa MPH program course holder,Staff,,12:00 AM,12:00 AM,Arranged,1
OTH  02  01 U.Iowa MPH Course Holder 2,Staff,,12:00 AM,12:00 AM,Arranged,1
Philosophy,,,,,,
PHL  105  01W IntroPhil: Science Fiction & Philo,J Lemos,TR,12:30 PM,1:50 PM,Hickok Hall,1
"PHL  105  02W Intro Phil: God, Self, & Free Will",T Javoroski,TR,9:30 AM,10:50 AM,Hickok Hall,1
PHL  115  01 Logic,J Lemos,MWF,10:00 AM,10:50 AM,Hickok Hall,1
PHL  128  01W Morality & Moral Controversies,J Hoover,TR,2:00 PM,3:20 PM,Hickok Hall,1
PHL  20  01W Early Modern Philosophy,J Lemos,MWF,1:00 PM,1:50 PM,Hickok Hall,1
"PHL  245  01W Minds, Brains, and Robots",J Hoover,MWF,10:00 AM,10:50 AM,Hickok Hall,1
PHL  345  01W Philosophy of Language,J Hoover,MW,3:00 PM,4:20 PM,Hickok Hall,1
Physics,,,,,,
PHY  114  01 Modern Astronomy,J Wetzel,MW,6:00 PM,7:20 PM,Stuart Hall,1
PHY  114L 01 Modern Astronomy - Lab,J Wetzel,M,7:30 PM,9:20 PM,Peterson Hall,0
PHY  114L 02 Modern Astronomy - Lab,J Wetzel,W,7:30 PM,9:20 PM,Peterson Hall,0
PHY  165  01 Basic Physics I,U Akgun,MWF,8:00 AM,8:50 AM,Stuart Hall,1
PHY  165L 01 Basic Physics Lab,C Bragatto,T,8:00 AM,9:50 AM,Peterson Hall,0
PHY  165L 02 Basic Physics Lab,C Bragatto,T,10:00 AM,11:50 AM,Peterson Hall,0
PHY  165L 03 Basic Physics Lab,C Bragatto,T,1:00 PM,2:50 PM,Peterson Hall,0
PHY  165L 04 Basic Physics Lab,F Duru,R,8:00 AM,9:50 AM,Peterson Hall,0
PHY  165L 05 Basic Physics Lab,F Duru,R,1:00 PM,2:50 PM,Peterson Hall,0
PHY  181  01 Materials Science I,C Bragatto,MWF,1:00 PM,1:50 PM,Peterson Hall,1
PHY  185  01 General Physics I,C Bragatto,MWRF,9:00 AM,9:50 AM,Peterson Hall,1
PHY  185L 01 General Physics I Laboratory,C Bragatto,T,8:00 AM,9:50 AM,Peterson Hall,0
PHY  185L 02 General Physics I Laboratory,C Bragatto,T,10:00 AM,11:50 AM,Peterson Hall,0
PHY  185L 03 General Physics I Laboratory,C Bragatto,T,1:00 PM,2:50 PM,Peterson Hall,0
PHY  185L 04 General Physics I Laboratory,F Duru,R,8:00 AM,9:50 AM,Peterson Hall,0
PHY  185L 05 General Physics I Laboratory,F Duru,R,1:00 PM,2:50 PM,Peterson Hall,0
PHY  231  01W Mathematical Methods for Physicists,F Duru,MWF,9:00 AM,9:50 AM,Hickok Hall,1
PHY  235  01 Modern Physics,M Affatigato,MWF,2:00 PM,2:50 PM,Peterson Hall,1
PHY  235L 01W Modern Physics Lab,U Akgun,T,1:00 PM,3:50 PM,Peterson Hall,0.2
PHY  235L 02W Modern Physics Lab,U Akgun,R,1:00 PM,3:50 PM,Peterson Hall,0.2
PHY  235L 03W Modern Physics Lab Arranged,U Akgun,,12:00 AM,12:00 AM,Arranged,0
See faculty member to register with,,,,,,
add/drop,,,,,,
PHY  311  01W Renewable Energy (WE),U Akgun,TR,9:30 AM,10:50 AM,Stuart Hall,1
PHY  335  01 Quantum Mechanics,F Duru,MWF,10:00 AM,10:50 AM,Peterson Hall,1
PHY  444  01W Ind Study-Physics,S Feller,,12:00 AM,12:00 AM,Arranged,1
PHY  464  01W Jr. Sr. Seminar:Electromagnetism 2,M Affatigato,MWF,1:00 PM,1:50 PM,Peterson Hall,1
Political Science,,,,,,
POL  108  01 Introduction to Politics,L Barrow,MWF,9:00 AM,9:50 AM,Hickok Hall,1
POL  108  02 Introduction to Politics,K Lanegran,MWF,1:00 PM,1:50 PM,Hickok Hall,1
POL  115  01 American National Gov & Pol,B Nesmith,MWF,10:00 AM,10:50 AM,Hickok Hall,1
POL  258  01W World Politics,L Barrow,MWF,2:00 PM,2:50 PM,Hickok Hall,1
Course Number/Title,Instructor,Days,Beg Time,End Time,Bldg Room,Credits
Political Science,,,,,,
POL  284  01W Topics: Comparative Environmental P,L Barrow,TR,2:00 PM,3:20 PM,Hickok Hall,1
POL  325  01W The American Congress,B Nesmith,MWF,12:00 PM,12:50 PM,Hickok Hall,1
POL  350  01W US Social Policy Process,K Lanegran,TR,9:30 AM,10:50 AM,Hickok Hall,1
POL  435  01W Ancient & Medieval Pol Thry,B Nesmith,TR,12:30 PM,1:50 PM,Hickok Hall,1
POL  444  01 Ind Study-Pol Sci,K Lanegran,,12:00 AM,12:00 AM,Arranged,1
Public Relations,,,,,,
PR205  01W Public Relations,T Nagel,TR,9:30 AM,10:50 AM,Hickok Hall,1
PR494  01 Internship in Public Relations,P Carstens,,12:00 AM,12:00 AM,Arranged,1
Psychology,,,,,,
PSY  100  01 Introductory Psychology,A Vyas,MWF,12:00 PM,12:50 PM,Stuart Hall,1
PSY  100  02 Introductory Psychology,E Lee,MWF,9:00 AM,9:50 AM,Stuart Hall,1
PSY  100  03 Introductory Psychology,E Lee,MWF,10:00 AM,10:50 AM,Stuart Hall,1
PSY  100  04 Introductory Psychology,A Vyas,TR,9:30 AM,10:50 AM,Stuart Hall,1
PSY  100  05 Introductory Psychology,C Stephenson,MWF,9:00 AM,9:50 AM,Stuart Hall,1
PSY  200  01W Research Methods,K Recker,MWF,9:00 AM,9:50 AM,Stuart Hall,1
PSY  200  02W Research Methods,K Recker,MWF,10:00 AM,10:50 AM,Stuart Hall,1
PSY  205  01 Developmental Psychology,K Recker,TR,9:30 AM,10:50 AM,Stuart Hall,1
PSY  235  01 Abnormal Psychology,C Stephenson,MWF,8:00 AM,8:50 AM,Stuart Hall,1
PSY  250  01 Introduction to Biopsychology,M Baker,MWF,10:00 AM,10:50 AM,Stuart Hall,1
PSY  250  02 Introduction to Biopsychology,A Vyas,MWF,2:00 PM,2:50 PM,Stuart Hall,1
PSY  295  01W Applied Contemporary Psychology,S Farrell,MW,2:00 PM,3:20 PM,Stuart Hall,1
PSY  300  01 Stat Methods and Data Analysis,S Kelly,MWF,8:00 AM,8:50 AM,Stuart Hall,1
PSY  300  02 Stat Methods and Data Analysis,S Kelly,MWF,9:00 AM,9:50 AM,Stuart Hall,1
PSY  350  01 Drugs & Behavior,M Baker,MWF,12:00 PM,12:50 PM,Stuart Hall,1
PSY  15  01 Counseling Psychology,S Brown,TR,12:30 PM,1:50 PM,Stuart Hall,1
PSY  455  01 Advanced Experimental Psychology,B Chihak,TR,9:30 AM,10:50 AM,Stuart Hall,1
PSY  464  01W Seminar in Psychology: Addiction,M Baker,TR,12:30 PM,1:50 PM,Stuart Hall,1
PSY  465  01 Industrial Psychology,E Lee,TR,11:00 AM,12:20 PM,Struve Comm Ctr,1
PSY  490  01 Memory & Cognition,B Chihak,MW,2:00 PM,3:20 PM,Stuart Hall,1
PSY  490L 01W Memory and Cognition Laboratory,B Chihak,TR,2:00 PM,3:20 PM,Stuart Hall,0
PSY  494  01 Internship in Psychology,S Brown,TR,8:00 AM,9:20 AM,Stuart Hall,1
Religion,,,,,,
REL  103  01W Belief & Unbelief,G Chaplin,TR,9:30 AM,10:50 AM,Hickok Hall,1
REL  105  01W Introduction to Hebrew Bible,M Kensky,MWF,1:00 PM,1:50 PM,Hickok Hall,1
REL  106  01 Eastern Religions,C Hatchell,MWF,9:00 AM,9:50 AM,Hickok Hall,1
REL  116  01 Buddhism,C Hatchell,MWF,12:00 PM,12:50 PM,Hickok Hall,1
REL  217  01W Religion in America,M Kensky,MWF,10:00 AM,10:50 AM,Hickok Hall,1
REL  385  01W Adv Topics:Tantra:Sex&Death inAsian,C Hatchell,TR,9:30 AM,10:50 AM,Hickok Hall,1
Rhetoric,,,,,,
RHE  105  01W Reading/Writing Workshop-Wrtg Emphs,A Drexler,MWF,9:00 AM,9:50 AM,Struve Comm Ctr,1
RHE  137  01W Creative Nonfiction & Amer Culture,J Nesmith,TR,9:30 AM,10:50 AM,Struve Comm Ctr,1
RHE  200  01 Rhetorical Theory and Practice,A Spikes,MWF,9:00 AM,9:50 AM,Hickok Hall,1
RHE  225  01W Journalism/Media Wtg Wksp,S Harmsen,MWF,10:00 AM,10:50 AM,Struve Comm Ctr,1
RHE  312  01W Writing Center Theory and Practice,J Nesmith,R,8:30 AM,9:20 AM,Struve Comm Ctr,0.3
RHE  312  02W Writing Center Theory and Practice,J Nesmith,W,12:00 PM,12:50 PM,Struve Comm Ctr,0.3
RHE  312  03W Topics:Writing Center Theory & Prac,J Nesmith,,12:00 AM,12:00 AM,Arranged,0.3
Course Number/Title,Instructor,Days,Beg Time,End Time,Bldg Room,Credits
Rhetoric,,,,,,
RHE  377  01 Cultural Studies,A Carr,TR,2:00 PM,3:20 PM,Struve Comm Ctr,1
Social and Criminal Justic,,,,,,
SCJ  101  01 Intro to Social & Criminal Justice,N McNabb,MWF,1:00 PM,1:50 PM,Stuart Hall,1
SCJ  101  02 Intro to Social & Criminal Justice,N McNabb,MWF,2:00 PM,2:50 PM,Stuart Hall,1
SCJ  190  01 Topics in SCJ: Crime in Literature,N McNabb,TR,9:30 AM,10:50 AM,Hickok Hall,1
SCJ  490  01 Social & Criminal Just Colloquium,N McNabb,,12:00 AM,12:00 AM,Arranged,0
SCJ  494  01 Internship in Social and Criminal J,N McNabb,,12:00 AM,12:00 AM,Arranged,1
Skills Development,,,,,,
SKD  120  01 Concepts of Individualized Learning,M McIllece,,12:00 AM,12:00 AM,Arranged,0
SKD  125  01 College Foundations,M McIllece,T,11:00 AM,12:20 PM,Stewart Mem Lib,0.3
SKD  125  02 College Foundations,S Pikora,R,12:30 PM,1:50 PM,Stewart Mem Lib,0.3
SKD  130  01 Personal Finance for College Studen,M Knudson,TR,9:30 AM,10:50 AM,Stuart Hall,0.5
meets second 7 weeks,,,,,,
Sports Management,,,,,,
SMT  100  01 Introduction to Sports Management,J Chandler,MWF,1:00 PM,1:50 PM,Eby Fieldhouse,1
Sociology,,,,,,
SOC  107  01 Introductory Sociology,L Barnett,MWF,9:00 AM,9:50 AM,Stuart Hall,1
SOC  107  02 Introductory Sociology,L Barnett,MWF,10:00 AM,10:50 AM,Stuart Hall,1
SOC  107  03 Introductory Sociology,K Rodgers,MW,3:00 PM,4:20 PM,Stuart Hall,1
SOC  107  04 Introductory Sociology,A Boguslaw,TR,2:00 PM,3:20 PM,Stuart Hall,1
SOC  217  01 Sociology of Religion,A Boguslaw,MW,3:00 PM,4:20 PM,Stuart Hall,1
SOC  235  01W Methods of Sociological Research,L Barnett,TR,9:30 AM,10:50 AM,Stuart Hall,1
SOC  17  01 Sociology of Sex & Sexuality,K Rodgers,MWF,1:00 PM,1:50 PM,Hickok Hall,1
SOC  450  01W Sociological Theory,A Boguslaw,TR,11:00 AM,12:20 PM,Stuart Hall,1
SOC  464  01W Capstone Seminar in Sociology,K Rodgers,TR,2:00 PM,3:20 PM,Stuart Hall,1
Spanish,,,,,,
SPA  115  01 Elementary Spanish I,E Munoz Perez,MWF,3:00 PM,3:50 PM,Hickok Hall,1
SPA  215  01 Intermediate Spanish I,E Munoz Perez,MWF,2:00 PM,2:50 PM,Hickok Hall,1
SPA  225  01 Intermediate Spanish II,F Lynch,MWF,2:00 PM,2:50 PM,Hickok Hall,1
SPA  315  01 Spanish Composition & Conversation,L Rodriguez Moreno,MWF,9:00 AM,9:50 AM,Hickok Hall,1
SPA  315  02 Spanish Composition & Conversation,M Torres Mendez,MWF,12:00 PM,12:50 PM,Hickok Hall,1
SPA  339  01 Spanish for Health Care,F Lynch,MWF,1:00 PM,1:50 PM,Hickok Hall,1
SPA  345  01 Introduction to Hispanic Literature,L Rodriguez Moreno,MWF,1:00 PM,1:50 PM,Hickok Hall,1
SPA  16  01 Spanish Amer Short Story-Fantasy,M Torres Mendez,MWF,11:00 AM,11:50 AM,Hickok Hall,1
SPA  476  01W Topics in Hisp Lit:Latin Am:,M Torres Mendez,MWF,10:00 AM,10:50 AM,Hickok Hall,1
Statistics,,,,,,
STA  100  01 Statistical Reasoning I-Foundations,G Cross,MWF,9:00 AM,9:50 AM,Stuart Hall,0.5
STA  100  02 Statistical Reasoning I-Foundations,G Cross,TR,9:30 AM,10:50 AM,Stuart Hall,0.5
STA  100  03 Statistical Reasoning I-Foundations,G Cross,T,2:00 PM,3:20 PM,Stuart Hall,0.5
,G Cross,R,2:00 PM,3:20 PM,Stuart Hall,
STA  110  01 Stats IIA: Inferential Reasoning,G Cross,MWF,9:00 AM,9:50 AM,Stuart Hall,0.5
STA  110  02 Stats IIA: Inferential Reasoning,G Cross,TR,9:30 AM,10:50 AM,Stuart Hall,0.5
STA  110  03 Stats IIA: Inferential Reasoning,G Cross,T,2:00 PM,3:20 PM,Stuart Hall,0.5
,G Cross,R,2:00 PM,3:20 PM,Stuart Hall,
STA  315  01 Probability & Statistics I,G Cross,MWF,10:00 AM,10:50 AM,Stuart Hall,1
Course Number/Title,Instructor,Days,Beg Time,End Time,Bldg Room,Credits
Theatre Arts,,,,,,
THE  100  01 Introduction to Theatre,K Hahn,MWF,12:00 PM,12:50 PM,Hickok Hall,1
THE  102  01 Theatre Production Lab,E Ganfield,MW,1:00 PM,2:50 PM,Dows Center,0.25
THE  102  02 Theatre Production Lab,B Schmidt,MW,1:00 PM,2:50 PM,Dows Center,0.25
THE  102  03 Theatre Production Lab,E Ganfield,MW,3:00 PM,4:50 PM,Dows Center,0.25
THE  102  04 Theatre Production Lab,B Schmidt,MW,3:00 PM,4:50 PM,Dows Center,0.25
THE  102  05 Theatre Production Lab,E Ganfield,T,9:30 AM,12:50 PM,Dows Center,0.25
THE  102  06 Theatre Production Lab,B Schmidt,T,1:00 PM,4:50 PM,Dows Center,0.25
THE  102  07 Theatre Production Lab,E Ganfield,R,9:30 AM,12:50 PM,Dows Center,0.25
THE  102  08 Theatre Production Lab,B Schmidt,R,1:00 PM,4:50 PM,Dows Center,0.25
THE  102  09 Theatre Production Lab,B Schmidt,,12:00 AM,12:00 AM,Arranged,A0.25
THE  130  01 Technical Production I,B Schmidt,TR,9:30 AM,10:50 AM,Dows Center,1
THE  150  01 Acting I,L Charipar,TR,2:00 PM,3:20 PM,Mills Theater,1
THE  170  01 Voice & Diction,K Hahn,MWF,10:00 AM,10:50 AM,Mills Theater,1
THE  185  01 Production and Performance,D Barnett,,12:00 AM,12:00 AM,Arranged,1
THE  228  01W History of Theatre and Drama I,D Barnett,MWF,10:00 AM,10:50 AM,Hickok Hall,1
THE  288  01W History of Dress,E Ganfield,TR,2:00 PM,3:20 PM,Hickok Hall,1
THE  464  01W Senior Seminar,D Barnett,TR,9:30 AM,10:50 AM,Dows Center,1
Washington Term,,,,,,
WSH  284  01 Top Washington DC:Politics&Communic,B Nesmith,,12:00 AM,12:00 AM,Arranged,1
"WSH  286  01 Topics in Washington, D.C:NWP",B Nesmith,,12:00 AM,12:00 AM,Arranged,1
WSH  464  01 Internship Seminar,B Nesmith,,12:00 AM,12:00 AM,Arranged,1
WSH  494  01 Washington Experience,B Nesmith,,12:00 AM,12:00 AM,Arranged,A2.00
